Workbook

Sheet personaggi
A1: nome | B1: possibile starter | C1: prezzo | D1: tier | E1: saga | F1: razza | G1: negoziante | H1: cattivo | I1: persona | J1: barre | K1: potenza | L1: velocità | M1: gigante | N1: mossa 1 | O1: mossa 2 | P1: mossa finale | Q1: si trasforma in
A2: Son Goku (inizio) | B2: sì | C2: =IF(INDEX(tier!$B$2:$B$20,MATCH(D2,tier!$A$2:$A$20,0))="","",INDEX(tier!$B$2:$B$20,MATCH(D2,tier!$A$2:$A$20,0))) | D2: C+ | E2: Saiyan | F2: Saiyan | G2: - | H2: - | I2: Son Goku (inizio) | J2: 4 | K2: 3 | L2: 3 | M2: - | N2: Kamehameha (onda) | O2: Kaio-ken Attack (impeto) | P2: Spirit Bomb (onda)
A3: Son Goku (metà) | B3: - | C3: =IF(INDEX(tier!$B$2:$B$20,MATCH(D3,tier!$A$2:$A$20,0))="","",INDEX(tier!$B$2:$B$20,MATCH(D3,tier!$A$2:$A$20,0))) | D3: B+ | E3: Freezer | F3: Saiyan | G3: - | H3: - | I3: Son Goku (metà) | J3: 4 | K3: 3 | L3: 3 | M3: - | N3: x20 Kaio-ken Kamehameha (onda) | O3: Meteor Combination (impeto) | P3: Spirit Bomb (onda) | Q3: Son Goku (metà) SSJ
A4: Son Goku (metà) SSJ | B4: - | C4: =IF(INDEX(tier!$B$2:$B$20,MATCH(D4,tier!$A$2:$A$20,0))="","",INDEX(tier!$B$2:$B$20,MATCH(D4,tier!$A$2:$A$20,0))) | D4: A | E4: Freezer | F4: Saiyan | G4: - | H4: - | I4: Son Goku (metà) | J4: 4 | K4: 3 | L4: 3 | M4: - | N4: Super Kamehameha (onda) | O4: Meteor Smash (impeto) | P4: Angry Kamehameha (onda)
A5: Son Goku (fine) | B5: - | C5: =IF(INDEX(tier!$B$2:$B$20,MATCH(D5,tier!$A$2:$A$20,0))="","",INDEX(tier!$B$2:$B$20,MATCH(D5,tier!$A$2:$A$20,0))) | D5: A | E5: Majin Bu | F5: Saiyan | G5: - | H5: - | I5: Son Goku (fine) | J5: 4 | K5: 3 | L5: 3 | M5: - | N5: Kamehameha (onda) | O5: Meteor Smash (impeto) | P5: Super Spirit Bomb (onda) | Q5: Son Goku (fine) SSJ
A6: Son Goku (fine) SSJ | B6: - | C6: =IF(INDEX(tier!$B$2:$B$20,MATCH(D6,tier!$A$2:$A$20,0))="","",INDEX(tier!$B$2:$B$20,MATCH(D6,tier!$A$2:$A$20,0))) | D6: A+ | E6: Majin Bu | F6: Saiyan | G6: - | H6: - | I6: Son Goku (fine) | J6: 4 | K6: 3 | L6: 3 | M6: - | N6: Super Kamehameha (onda) | O6: Super Energy Wave Volley (impeto) | P6: Instant Kamehameha (onda) | Q6: Son Goku (fine) SSJ2
A7: Son Goku (fine) SSJ2 | B7: - | C7: =IF(INDEX(tier!$B$2:$B$20,MATCH(D7,tier!$A$2:$A$20,0))="","",INDEX(tier!$B$2:$B$20,MATCH(D7,tier!$A$2:$A$20,0))) | D7: S | E7: Majin Bu | F7: Saiyan | G7: - | H7: - | I7: Son Goku (fine) | J7: 4 | K7: 3 | L7: 3 | M7: - | N7: Kamehameha (onda) | O7: Meteor Crash (impeto) | P7: Super Kamehameha (onda) | Q7: Son Goku (fine) SSJ3
A8: Son Goku (fine) SSJ3 | B8: - | C8: =IF(INDEX(tier!$B$2:$B$20,MATCH(D8,tier!$A$2:$A$20,0))="","",INDEX(tier!$B$2:$B$20,MATCH(D8,tier!$A$2:$A$20,0))) | D8: S+ | E8: Majin Bu | F8: Saiyan | G8: - | H8: - | I8: Son Goku (fine) | J8: 4 | K8: 3 | L8: 3 | M8: - | N8: Super Kamehameha (onda) | O8: Super Explosive Wave (onda) | P8: Dragon Fist (impeto, giganti)
A9: Son Goku (GT) | B9: - | C9: =IF(INDEX(tier!$B$2:$B$20,MATCH(D9,tier!$A$2:$A$20,0))="","",INDEX(tier!$B$2:$B$20,MATCH(D9,tier!$A$2:$A$20,0))) | D9: B+ | E9: GT | F9: Saiyan | G9: - | H9: - | I9: Son Goku (GT) | J9: 4 | K9: 3 | L9: 3 | M9: - | N9: Kamehameha (onda) | O9: Dragon Fist (impeto, giganti) | P9: Spirit Bomb (onda) | Q9: Son Goku (GT) SSJ
A10: Son Goku (GT) SSJ | B10: - | C10: =IF(INDEX(tier!$B$2:$B$20,MATCH(D10,tier!$A$2:$A$20,0))="","",INDEX(tier!$B$2:$B$20,MATCH(D10,tier!$A$2:$A$20,0))) | D10: A+ | E10: GT | F10: Saiyan | G10: - | H10: - | I10: Son Goku (GT) | J10: 4 | K10: 3 | L10: 3 | M10: - | N10: Super Kamehameha (onda) | O10: Full Power Energy Blast Volley (impeto) | P10: Super Explosive Wave (onda) | Q10: Son Goku (GT) SSJ3
A11: Son Goku (GT) SSJ3 | B11: - | C11: =IF(INDEX(tier!$B$2:$B$20,MATCH(D11,tier!$A$2:$A$20,0))="","",INDEX(tier!$B$2:$B$20,MATCH(D11,tier!$A$2:$A$20,0))) | D11: S | E11: GT | F11: Saiyan | G11: - | H11: - | I11: Son Goku (GT) | J11: 4 | K11: 3 | L11: 3 | M11: - | N11: Super Kamehameha (onda) | O11: Full Power Energy Blast Volley (onda) | P11: Dragon Fist (impeto, giganti) | Q11: Son Goku SSJ4
A12: Son Goku SSJ4 | B12: - | C12: =IF(INDEX(tier!$B$2:$B$20,MATCH(D12,tier!$A$2:$A$20,0))="","",INDEX(tier!$B$2:$B$20,MATCH(D12,tier!$A$2:$A$20,0))) | D12: SS | E12: GT | F12: Saiyan | G12: - | H12: - | I12: Son Goku (GT) | J12: 4 | K12: 3 | L12: 3 | M12: - | N12: 10x Kamehameha (onda) | O12: Meteor Crash (impeto) | P12: Dragon Fist (impeto, giganti)
A13: Son Goku (bambino) | B13: sì | C13: =IF(INDEX(tier!$B$2:$B$20,MATCH(D13,tier!$A$2:$A$20,0))="","",INDEX(tier!$B$2:$B$20,MATCH(D13,tier!$A$2:$A$20,0))) | D13: C | E13: Dragon Ball | F13: Saiyan | G13: - | H13: - | I13: Son Goku (bambino) | J13: 3 | K13: 2 | L13: 4 | M13: - | N13: Kamehameha (onda) | O13: Counterattack! (impeto) | P13: Penetrate! (impeto, giganti) | Q13: Son Goku (bambino) Oozaru
A14: Son Goku (bambino) Oozaru | B14: - | C14: =IF(INDEX(tier!$B$2:$B$20,MATCH(D14,tier!$A$2:$A$20,0))="","",INDEX(tier!$B$2:$B$20,MATCH(D14,tier!$A$2:$A$20,0))) | D14: A- | E14: Dragon Ball | F14: Saiyan | G14: - | H14: - | I14: Son Goku (bambino) | J14: 5 | K14: 5 | L14: 1 | M14: sì | N14: Chou Makouhou (onda) | O14: Gigant Rock Throw (onda) | P14: Chou Makouhou Barrage (onda)
A15: Son Gohan (bambino) | B15: sì | C15: =IF(INDEX(tier!$B$2:$B$20,MATCH(D15,tier!$A$2:$A$20,0))="","",INDEX(tier!$B$2:$B$20,MATCH(D15,tier!$A$2:$A$20,0))) | D15: C | E15: Saiyan | F15: Ibrido Saiyan-terrestre | G15: - | H15: - | I15: Son Gohan (bambino) | J15: 3 | K15: 2 | L15: 4 | M15: - | N15: Masenko (onda) | O15: Gekiretsu Madan (onda) | P15: Bakuretsu Ranma (impeto)
A16: Son Gohan (ragazzo) | B16: - | C16: =IF(INDEX(tier!$B$2:$B$20,MATCH(D16,tier!$A$2:$A$20,0))="","",INDEX(tier!$B$2:$B$20,MATCH(D16,tier!$A$2:$A$20,0))) | D16: B+ | E16: Cell | F16: Ibrido Saiyan-terrestre | G16: - | H16: - | I16: Son Gohan (ragazzo) | J16: 4 | K16: 3 | L16: 3 | M16: - | N16: Super Masenko (onda) | O16: Gekiretsu Madan (onda) | P16: Super Kamehameha (onda) | Q16: Son Gohan (ragazzo) SSJ
A17: Son Gohan (ragazzo) SSJ | B17: - | C17: =IF(INDEX(tier!$B$2:$B$20,MATCH(D17,tier!$A$2:$A$20,0))="","",INDEX(tier!$B$2:$B$20,MATCH(D17,tier!$A$2:$A$20,0))) | D17: A+ | E17: Cell | F17: Ibrido Saiyan-terrestre | G17: - | H17: - | I17: Son Gohan (ragazzo) | J17: 4 | K17: 3 | L17: 3 | M17: - | N17: Super Masenko (onda) | O17: Chou Maretsugeki (impeto) | P17: Super Kamehameha (onda) | Q17: Son Gohan (ragazzo) SSJ2
A18: Son Gohan (ragazzo) SSJ2 | B18: - | C18: =IF(INDEX(tier!$B$2:$B$20,MATCH(D18,tier!$A$2:$A$20,0))="","",INDEX(tier!$B$2:$B$20,MATCH(D18,tier!$A$2:$A$20,0))) | D18: S | E18: Cell | F18: Ibrido Saiyan-terrestre | G18: - | H18: - | I18: Son Gohan (ragazzo) | J18: 4 | K18: 3 | L18: 3 | M18: - | N18: Super Kamehameha (onda) | O18: Gekiretsu Madan (onda) | P18: Father-Son Kamehameha (onda)
A19: Son Gohan | B19: - | C19: =IF(INDEX(tier!$B$2:$B$20,MATCH(D19,tier!$A$2:$A$20,0))="","",INDEX(tier!$B$2:$B$20,MATCH(D19,tier!$A$2:$A$20,0))) | D19: A | E19: Majin Bu | F19: Ibrido Saiyan-terrestre | G19: - | H19: - | I19: Son Gohan | J19: 4 | K19: 3 | L19: 3 | M19: - | N19: Explosive Madan (onda) | O19: Full Power Energy Blast Volley (onda) | P19: Super Kamehameha (onda) | Q19: Son Gohan SSJ
A20: Son Gohan SSJ | B20: - | C20: =IF(INDEX(tier!$B$2:$B$20,MATCH(D20,tier!$A$2:$A$20,0))="","",INDEX(tier!$B$2:$B$20,MATCH(D20,tier!$A$2:$A$20,0))) | D20: A+ | E20: Majin Bu | F20: Ibrido Saiyan-terrestre | G20: - | H20: - | I20: Son Gohan | J20: 4 | K20: 3 | L20: 3 | M20: - | N20: Explosive Madan (onda) | O20: Full Power Energy Blast Volley (onda) | P20: Bros. Kamehameha (onda) | Q20: Son Gohan SSJ2
A21: Son Gohan SSJ2 | B21: - | C21: =IF(INDEX(tier!$B$2:$B$20,MATCH(D21,tier!$A$2:$A$20,0))="","",INDEX(tier!$B$2:$B$20,MATCH(D21,tier!$A$2:$A$20,0))) | D21: S | E21: Majin Bu | F21: Ibrido Saiyan-terrestre | G21: - | H21: - | I21: Son Gohan | J21: 4 | K21: 3 | L21: 3 | M21: - | N21: Super Explosive Madan (onda) | O21: Full Power Energy Barrage Wave (onda) | P21: Super Kamehameha (onda)
A22: Great Saiyaman | B22: - | C22: =IF(INDEX(tier!$B$2:$B$20,MATCH(D22,tier!$A$2:$A$20,0))="","",INDEX(tier!$B$2:$B$20,MATCH(D22,tier!$A$2:$A$20,0))) | D22: B | E22: Majin Bu | F22: Ibrido Saiyan-terrestre | G22: - | H22: - | I22: Great Saiyaman | J22: 4 | K22: 3 | L22: 3 | M22: - | N22: Super Explosive Wave (onda) | O22: Justice Slash (impeto) | P22: Justice Judgment (impeto)
A23: Son Gohan (Ultimate) | B23: - | C23: =IF(INDEX(tier!$B$2:$B$20,MATCH(D23,tier!$A$2:$A$20,0))="","",INDEX(tier!$B$2:$B$20,MATCH(D23,tier!$A$2:$A$20,0))) | D23: S+ | E23: Majin Bu | F23: Ibrido Saiyan-terrestre | G23: - | H23: - | I23: Son Gohan (Ultimate) | J23: 4 | K23: 3 | L23: 3 | M23: - | N23: Super Kamehameha (onda) | O23: Super Explosive Wave (onda) | P23: Burst Rush (impeto)
A24: Son Gohan (futuro) | B24: - | C24: =IF(INDEX(tier!$B$2:$B$20,MATCH(D24,tier!$A$2:$A$20,0))="","",INDEX(tier!$B$2:$B$20,MATCH(D24,tier!$A$2:$A$20,0))) | D24: B+ | E24: Film e speciali | F24: Ibrido Saiyan-terrestre | G24: - | H24: - | I24: Son Gohan (futuro) | J24: 4 | K24: 3 | L24: 3 | M24: - | N24: Masenko (onda) | O24: Super Explosive Wave (onda) | P24: Super Kamehameha (onda) | Q24: Son Gohan (futuro) SSJ
A25: Son Gohan (futuro) SSJ | B25: - | C25: =IF(INDEX(tier!$B$2:$B$20,MATCH(D25,tier!$A$2:$A$20,0))="","",INDEX(tier!$B$2:$B$20,MATCH(D25,tier!$A$2:$A$20,0))) | D25: A | E25: Film e speciali | F25: Ibrido Saiyan-terrestre | G25: - | H25: - | I25: Son Gohan (futuro) | J25: 4 | K25: 3 | L25: 3 | M25: - | N25: Gekiretsu Madan (onda) | O25: Special Beam Cannon (onda) | P25: Gekiretsu Ranbu (impeto)
A26: Son Goten | B26: - | C26: =IF(INDEX(tier!$B$2:$B$20,MATCH(D26,tier!$A$2:$A$20,0))="","",INDEX(tier!$B$2:$B$20,MATCH(D26,tier!$A$2:$A$20,0))) | D26: B | E26: Majin Bu | F26: Ibrido Saiyan-terrestre | G26: - | H26: - | I26: Son Goten | J26: 3 | K26: 2 | L26: 4 | M26: - | N26: Full Power Energy Blast Volley (onda) | O26: Assault! (impeto) | P26: Super Kamehameha (onda) | Q26: Son Goten SSJ
A27: Son Goten SSJ | B27: - | C27: =IF(INDEX(tier!$B$2:$B$20,MATCH(D27,tier!$A$2:$A$20,0))="","",INDEX(tier!$B$2:$B$20,MATCH(D27,tier!$A$2:$A$20,0))) | D27: A | E27: Majin Bu | F27: Ibrido Saiyan-terrestre | G27: - | H27: - | I27: Son Goten | J27: 3 | K27: 2 | L27: 4 | M27: - | N27: Kamehameha (onda) | O27: Assault! (impeto) | P27: Bros. Kamehameha (onda)
A28: Vegeta (scouter) | B28: - | C28: =IF(INDEX(tier!$B$2:$B$20,MATCH(D28,tier!$A$2:$A$20,0))="","",INDEX(tier!$B$2:$B$20,MATCH(D28,tier!$A$2:$A$20,0))) | D28: B | E28: Saiyan | F28: Saiyan | G28: - | H28: sì | I28: Vegeta (scouter) | J28: 4 | K28: 3 | L28: 3 | M28: - | N28: Galick Gun (onda) | O28: Final Galick Cannon (impeto) | P28: Dirty Fireworks (impeto) | Q28: Vegeta (scouter) Oozaru
A29: Vegeta (scouter) Oozaru | B29: - | C29: =IF(INDEX(tier!$B$2:$B$20,MATCH(D29,tier!$A$2:$A$20,0))="","",INDEX(tier!$B$2:$B$20,MATCH(D29,tier!$A$2:$A$20,0))) | D29: A | E29: Saiyan | F29: Saiyan | G29: - | H29: sì | I29: Vegeta (scouter) | J29: 5 | K29: 5 | L29: 1 | M29: sì | N29: Chou Makouhou (onda) | O29: Chou Makouhou Barrage (onda) | P29: Super Galick Gun (onda)
A30: Vegeta | B30: - | C30: =IF(INDEX(tier!$B$2:$B$20,MATCH(D30,tier!$A$2:$A$20,0))="","",INDEX(tier!$B$2:$B$20,MATCH(D30,tier!$A$2:$A$20,0))) | D30: B+ | E30: Cell | F30: Saiyan | G30: - | H30: - | I30: Vegeta | J30: 4 | K30: 3 | L30: 3 | M30: - | N30: Galick Gun (onda) | O30: Super Energy Wave Volley (onda) | P30: Super Explosive Wave (onda) | Q30: Vegeta SSJ
A31: Vegeta SSJ | B31: - | C31: =IF(INDEX(tier!$B$2:$B$20,MATCH(D31,tier!$A$2:$A$20,0))="","",INDEX(tier!$B$2:$B$20,MATCH(D31,tier!$A$2:$A$20,0))) | D31: A | E31: Cell | F31: Saiyan | G31: - | H31: - | I31: Vegeta | J31: 4 | K31: 3 | L31: 3 | M31: - | N31: Maximum Flasher (onda) | O31: Amazing Impact (impeto) | P31: Big Bang Attack (onda) | Q31: Super Vegeta
A32: Super Vegeta | B32: - | C32: =IF(INDEX(tier!$B$2:$B$20,MATCH(D32,tier!$A$2:$A$20,0))="","",INDEX(tier!$B$2:$B$20,MATCH(D32,tier!$A$2:$A$20,0))) | D32: A+ | E32: Cell | F32: Saiyan | G32: - | H32: - | I32: Vegeta | J32: 4 | K32: 3 | L32: 3 | M32: - | N32: Big Bang Attack (onda) | O32: Spirit Breaking Cannon (impeto) | P32: Final Flash (onda)
A33: Vegeta (seconda forma) | B33: - | C33: =IF(INDEX(tier!$B$2:$B$20,MATCH(D33,tier!$A$2:$A$20,0))="","",INDEX(tier!$B$2:$B$20,MATCH(D33,tier!$A$2:$A$20,0))) | D33: A | E33: Majin Bu | F33: Saiyan | G33: - | H33: - | I33: Vegeta (seconda forma) | J33: 4 | K33: 3 | L33: 3 | M33: - | N33: Galick Gun (onda) | O33: Super Energy Wave Volley (onda) | P33: Big Bang Attack (onda) | Q33: Vegeta (seconda forma) SSJ
A34: Vegeta (seconda forma) SSJ | B34: - | C34: =IF(INDEX(tier!$B$2:$B$20,MATCH(D34,tier!$A$2:$A$20,0))="","",INDEX(tier!$B$2:$B$20,MATCH(D34,tier!$A$2:$A$20,0))) | D34: A+ | E34: Majin Bu | F34: Saiyan | G34: - | H34: - | I34: Vegeta (seconda forma) | J34: 4 | K34: 3 | L34: 3 | M34: - | N34: Final Flash (onda) | O34: Super Energy Wave Volley (onda) | P34: Super Explosive Wave (onda) | Q34: Vegeta (seconda forma) SSJ2
A35: Vegeta (seconda forma) SSJ2 | B35: - | C35: =IF(INDEX(tier!$B$2:$B$20,MATCH(D35,tier!$A$2:$A$20,0))="","",INDEX(tier!$B$2:$B$20,MATCH(D35,tier!$A$2:$A$20,0))) | D35: S | E35: Majin Bu | F35: Saiyan | G35: - | H35: - | I35: Vegeta (seconda forma) | J35: 4 | K35: 3 | L35: 3 | M35: - | N35: Big Bang Attack (onda) | O35: Super Energy Wave Volley (onda) | P35: Final Flash (onda)
A36: Majin Vegeta | B36: - | C36: =IF(INDEX(tier!$B$2:$B$20,MATCH(D36,tier!$A$2:$A$20,0))="","",INDEX(tier!$B$2:$B$20,MATCH(D36,tier!$A$2:$A$20,0))) | D36: S | E36: Majin Bu | F36: Saiyan | G36: - | H36: sì | I36: Majin Vegeta | J36: 4 | K36: 3 | L36: 3 | M36: - | N36: Final Impact (onda) | O36: Big Bang Attack (onda) | P36: Final Explosion (onda)
A37: Vegeta SSJ4 | B37: - | C37: =IF(INDEX(tier!$B$2:$B$20,MATCH(D37,tier!$A$2:$A$20,0))="","",INDEX(tier!$B$2:$B$20,MATCH(D37,tier!$A$2:$A$20,0))) | D37: SS | E37: GT | F37: Saiyan | G37: - | H37: - | I37: Vegeta SSJ4 | J37: 4 | K37: 3 | L37: 3 | M37: - | N37: Final Flash (onda) | O37: Spirit Breaking Cannon (impeto) | P37: Final Shine Attack (onda)
A38: Trunks (spada) | B38: - | C38: =IF(INDEX(tier!$B$2:$B$20,MATCH(D38,tier!$A$2:$A$20,0))="","",INDEX(tier!$B$2:$B$20,MATCH(D38,tier!$A$2:$A$20,0))) | D38: B+ | E38: Cell | F38: Ibrido Saiyan-terrestre | G38: - | H38: - | I38: Trunks (spada) | J38: 4 | K38: 3 | L38: 3 | M38: - | N38: Finish Buster (onda) | O38: Burning Storm (onda) | P38: Lightning Sword Slash (onda) | Q38: Trunks (spada) SSJ
A39: Trunks (spada) SSJ | B39: - | C39: =IF(INDEX(tier!$B$2:$B$20,MATCH(D39,tier!$A$2:$A$20,0))="","",INDEX(tier!$B$2:$B$20,MATCH(D39,tier!$A$2:$A$20,0))) | D39: A | E39: Cell | F39: Ibrido Saiyan-terrestre | G39: - | H39: - | I39: Trunks (spada) | J39: 4 | K39: 3 | L39: 3 | M39: - | N39: Burning Attack (onda) | O39: Burning Storm (onda) | P39: Shining Sword Attack (impeto)
A40: Trunks | B40: - | C40: =IF(INDEX(tier!$B$2:$B$20,MATCH(D40,tier!$A$2:$A$20,0))="","",INDEX(tier!$B$2:$B$20,MATCH(D40,tier!$A$2:$A$20,0))) | D40: B+ | E40: Cell | F40: Ibrido Saiyan-terrestre | G40: - | H40: - | I40: Trunks | J40: 4 | K40: 3 | L40: 3 | M40: - | N40: Burning Attack (onda) | O40: High Speed Rush (impeto) | P40: Finish Buster (onda) | Q40: Trunks SSJ
A41: Trunks SSJ | B41: - | C41: =IF(INDEX(tier!$B$2:$B$20,MATCH(D41,tier!$A$2:$A$20,0))="","",INDEX(tier!$B$2:$B$20,MATCH(D41,tier!$A$2:$A$20,0))) | D41: A | E41: Cell | F41: Ibrido Saiyan-terrestre | G41: - | H41: - | I41: Trunks | J41: 4 | K41: 3 | L41: 3 | M41: - | N41: Burning Attack (onda) | O41: Burning Breaker (impeto) | P41: Heat Dome Attack (impeto, giganti) | Q41: Super Trunks
A42: Super Trunks | B42: - | C42: =IF(INDEX(tier!$B$2:$B$20,MATCH(D42,tier!$A$2:$A$20,0))="","",INDEX(tier!$B$2:$B$20,MATCH(D42,tier!$A$2:$A$20,0))) | D42: A+ | E42: Cell | F42: Ibrido Saiyan-terrestre | G42: - | H42: - | I42: Trunks | J42: 4 | K42: 4 | L42: 2 | M42: - | N42: Finish Buster (onda) | O42: Burning Attack (onda) | P42: Super Explosive Wave (onda)
A43: Trunks (bambino) | B43: - | C43: =IF(INDEX(tier!$B$2:$B$20,MATCH(D43,tier!$A$2:$A$20,0))="","",INDEX(tier!$B$2:$B$20,MATCH(D43,tier!$A$2:$A$20,0))) | D43: B | E43: Majin Bu | F43: Ibrido Saiyan-terrestre | G43: - | H43: - | I43: Trunks (bambino) | J43: 3 | K43: 2 | L43: 4 | M43: - | N43: Full Power Energy Wave (onda) | O43: High Speed Rush (impeto) | P43: Finish Buster (onda) | Q43: Trunks (bambino) SSJ
A44: Trunks (bambino) SSJ | B44: - | C44: =IF(INDEX(tier!$B$2:$B$20,MATCH(D44,tier!$A$2:$A$20,0))="","",INDEX(tier!$B$2:$B$20,MATCH(D44,tier!$A$2:$A$20,0))) | D44: A | E44: Majin Bu | F44: Ibrido Saiyan-terrestre | G44: - | H44: - | I44: Trunks (bambino) | J44: 3 | K44: 2 | L44: 4 | M44: - | N44: Full Power Energy Barrage Wave (onda) | O44: High Speed Rush (impeto) | P44: Big Tree Cannon (onda)
A45: Gotenks | B45: - | C45: =IF(INDEX(tier!$B$2:$B$20,MATCH(D45,tier!$A$2:$A$20,0))="","",INDEX(tier!$B$2:$B$20,MATCH(D45,tier!$A$2:$A$20,0))) | D45: A+ | E45: Majin Bu | F45: Ibrido Saiyan-terrestre | G45: - | H45: - | I45: Gotenks | J45: 4 | K45: 3 | L45: 3 | M45: - | N45: Full Power Energy Wave (onda) | O45: High Speed Rush (impeto) | P45: Big Tree Cannon (onda) | Q45: Gotenks SSJ
A46: Gotenks SSJ | B46: - | C46: =IF(INDEX(tier!$B$2:$B$20,MATCH(D46,tier!$A$2:$A$20,0))="","",INDEX(tier!$B$2:$B$20,MATCH(D46,tier!$A$2:$A$20,0))) | D46: S- | E46: Majin Bu | F46: Ibrido Saiyan-terrestre | G46: - | H46: - | I46: Gotenks | J46: 4 | K46: 3 | L46: 3 | M46: - | N46: Big Tree Cannon (onda) | O46: Galactic Donuts (onda) | P46: Super Ghost Kamikaze Attack (onda) | Q46: Gotenks SSJ3
A47: Gotenks SSJ3 | B47: - | C47: =IF(INDEX(tier!$B$2:$B$20,MATCH(D47,tier!$A$2:$A$20,0))="","",INDEX(tier!$B$2:$B$20,MATCH(D47,tier!$A$2:$A$20,0))) | D47: S+ | E47: Majin Bu | F47: Ibrido Saiyan-terrestre | G47: - | H47: - | I47: Gotenks | J47: 4 | K47: 3 | L47: 3 | M47: - | N47: Big Tree Cannon (onda) | O47: DIE DIE Missile Barrage (onda) | P47: Charging Ultra Buu Buu Volleyball (impeto)
A48: Vegetto | B48: - | C48: =IF(INDEX(tier!$B$2:$B$20,MATCH(D48,tier!$A$2:$A$20,0))="","",INDEX(tier!$B$2:$B$20,MATCH(D48,tier!$A$2:$A$20,0))) | D48: SS- | E48: Majin Bu | F48: Saiyan | G48: - | H48: - | I48: Vegetto | J48: 5 | K48: 3 | L48: 3 | M48: - | N48: Big Bang Attack (onda) | O48: Scatter Finger Beam (onda) | P48: Super Kamehameha (onda) | Q48: Super Vegetto
A49: Super Vegetto | B49: - | C49: =IF(INDEX(tier!$B$2:$B$20,MATCH(D49,tier!$A$2:$A$20,0))="","",INDEX(tier!$B$2:$B$20,MATCH(D49,tier!$A$2:$A$20,0))) | D49: SS+ | E49: Majin Bu | F49: Saiyan | G49: - | H49: - | I49: Vegetto | J49: 5 | K49: 3 | L49: 3 | M49: - | N49: Super Kamehameha (onda) | O49: Beam Sword Slash (impeto) | P49: Final Kamehameha (onda)
A50: Super Gogeta | B50: - | C50: =IF(INDEX(tier!$B$2:$B$20,MATCH(D50,tier!$A$2:$A$20,0))="","",INDEX(tier!$B$2:$B$20,MATCH(D50,tier!$A$2:$A$20,0))) | D50: SS+ | E50: Film e speciali | F50: Saiyan | G50: - | H50: - | I50: Super Gogeta | J50: 5 | K50: 3 | L50: 3 | M50: - | N50: Big Bang Kamehameha (onda) | O50: Super Explosive Wave (onda) | P50: Stardust Breaker (impeto)
A51: Gogeta SSJ4 | B51: - | C51: =IF(INDEX(tier!$B$2:$B$20,MATCH(D51,tier!$A$2:$A$20,0))="","",INDEX(tier!$B$2:$B$20,MATCH(D51,tier!$A$2:$A$20,0))) | D51: SS+ | E51: GT | F51: Saiyan | G51: - | H51: - | I51: Gogeta SSJ4 | J51: 5 | K51: 3 | L51: 3 | M51: - | N51: Big Bang Kamehameha (onda) | O51: Ultimate Impact (impeto) | P51: 100x Big Bang Kamehameha (onda)
A52: Piccolo (inizio) | B52: sì | C52: =IF(INDEX(tier!$B$2:$B$20,MATCH(D52,tier!$A$2:$A$20,0))="","",INDEX(tier!$B$2:$B$20,MATCH(D52,tier!$A$2:$A$20,0))) | D52: C+ | E52: Saiyan | F52: Namecciano | G52: - | H52: - | I52: Piccolo (inizio) | J52: 4 | K52: 3 | L52: 3 | M52: - | N52: Explosive Demon Wave (onda) | O52: Bakuretsu Mahoko (impeto) | P52: Special Beam Cannon (onda)
A53: Piccolo (fine) | B53: - | C53: =IF(INDEX(tier!$B$2:$B$20,MATCH(D53,tier!$A$2:$A$20,0))="","",INDEX(tier!$B$2:$B$20,MATCH(D53,tier!$A$2:$A$20,0))) | D53: A | E53: Cell | F53: Namecciano | G53: - | H53: - | I53: Piccolo (fine) | J53: 4 | K53: 3 | L53: 3 | M53: - | N53: Special Beam Cannon (onda) | O53: Light Grenade (onda) | P53: Hellzone Grenade (onda)
A54: Krilin | B54: sì | C54: =IF(INDEX(tier!$B$2:$B$20,MATCH(D54,tier!$A$2:$A$20,0))="","",INDEX(tier!$B$2:$B$20,MATCH(D54,tier!$A$2:$A$20,0))) | D54: C | E54: Saiyan | F54: Terrestre | G54: - | H54: - | I54: Krilin | J54: 4 | K54: 3 | L54: 3 | M54: - | N54: Kamehameha (onda) | O54: Expanding Energy Wave (onda) | P54: Destructo Disc (onda)
A55: Yamcha | B55: sì | C55: =IF(INDEX(tier!$B$2:$B$20,MATCH(D55,tier!$A$2:$A$20,0))="","",INDEX(tier!$B$2:$B$20,MATCH(D55,tier!$A$2:$A$20,0))) | D55: C | E55: Saiyan | F55: Terrestre | G55: - | H55: - | I55: Yamcha | J55: 4 | K55: 3 | L55: 3 | M55: - | N55: Kamehameha (onda) | O55: Wolf Fang Fist (impeto) | P55: Soukidan (onda)
A56: Tenshinhan | B56: sì | C56: =IF(INDEX(tier!$B$2:$B$20,MATCH(D56,tier!$A$2:$A$20,0))="","",INDEX(tier!$B$2:$B$20,MATCH(D56,tier!$A$2:$A$20,0))) | D56: C+ | E56: Saiyan | F56: Terrestre | G56: - | H56: - | I56: Tenshinhan | J56: 4 | K56: 3 | L56: 3 | M56: - | N56: Dodon Ray (onda) | O56: Ki Blast Cannon (onda) | P56: Neo Tri-Beam (onda)
A57: Jiaozi | B57: - | C57: =IF(INDEX(tier!$B$2:$B$20,MATCH(D57,tier!$A$2:$A$20,0))="","",INDEX(tier!$B$2:$B$20,MATCH(D57,tier!$A$2:$A$20,0))) | D57: D+ | E57: Saiyan | F57: Terrestre | G57: - | H57: - | I57: Jiaozi | J57: 3 | K57: 2 | L57: 4 | M57: - | N57: Dodon Ray (onda) | O57: Psychic Rock Throw (impeto) | P57: Farewell, Mr. Tien (onda)
A58: Yajirobe | B58: - | C58: =IF(INDEX(tier!$B$2:$B$20,MATCH(D58,tier!$A$2:$A$20,0))="","",INDEX(tier!$B$2:$B$20,MATCH(D58,tier!$A$2:$A$20,0))) | D58: D+ | E58: Saiyan | F58: Terrestre | G58: - | H58: - | I58: Yajirobe | J58: 4 | K58: 3 | L58: 3 | M58: - | N58: Ka-Blam Slicer (onda) | O58: Flash and Kill (impeto) | P58: Miracle Ka-Blam Slash (impeto, giganti)
A59: Muten Roshi | B59: - | C59: =IF(INDEX(tier!$B$2:$B$20,MATCH(D59,tier!$A$2:$A$20,0))="","",INDEX(tier!$B$2:$B$20,MATCH(D59,tier!$A$2:$A$20,0))) | D59: D+ | E59: Dragon Ball | F59: Terrestre | G59: sì | H59: - | I59: Muten Roshi | J59: 4 | K59: 3 | L59: 3 | M59: - | N59: The Original Kamehameha (onda) | O59: High Speed Rush (impeto) | P59: Mankoku Kyoutenshou (onda) | Q59: Muten Roshi (massima potenza)
A60: Muten Roshi (massima potenza) | B60: - | C60: =IF(INDEX(tier!$B$2:$B$20,MATCH(D60,tier!$A$2:$A$20,0))="","",INDEX(tier!$B$2:$B$20,MATCH(D60,tier!$A$2:$A$20,0))) | D60: A | E60: Dragon Ball | F60: Terrestre | G60: - | H60: - | I60: Muten Roshi | J60: 4 | K60: 3 | L60: 3 | M60: - | N60: The Original Kamehameha (onda) | O60: Turtle School Ultimate Fist (impeto) | P60: MAX Power Kamehameha (onda)
A61: Videl | B61: - | C61: =IF(INDEX(tier!$B$2:$B$20,MATCH(D61,tier!$A$2:$A$20,0))="","",INDEX(tier!$B$2:$B$20,MATCH(D61,tier!$A$2:$A$20,0))) | D61: C- | E61: Majin Bu | F61: Terrestre | G61: - | H61: - | I61: Videl | J61: 4 | K61: 3 | L61: 3 | M61: - | N61: High Speed Rush (impeto) | O61: Desperado Rush (impeto) | P61: Videl Rush (impeto) | Q61: Great Saiyaman 2-go
A62: Great Saiyaman 2-go | B62: sì | C62: =IF(INDEX(tier!$B$2:$B$20,MATCH(D62,tier!$A$2:$A$20,0))="","",INDEX(tier!$B$2:$B$20,MATCH(D62,tier!$A$2:$A$20,0))) | D62: C | E62: Majin Bu | F62: Terrestre | G62: - | H62: - | I62: Videl | J62: 4 | K62: 3 | L62: 3 | M62: - | N62: Justice Countdown (impeto) | O62: Justice Rush 2 (impeto) | P62: Justice Judgment (impeto)
A63: Mr. Satan | B63: - | C63: =IF(INDEX(tier!$B$2:$B$20,MATCH(D63,tier!$A$2:$A$20,0))="","",INDEX(tier!$B$2:$B$20,MATCH(D63,tier!$A$2:$A$20,0))) | D63: E | E63: Cell | F63: Terrestre | G63: - | H63: - | I63: Mr. Satan | J63: 4 | K63: 3 | L63: 3 | M63: - | N63: Dynamic Mess Em Up Punch (impeto) | O63: Present Bomb (onda) | P63: Mister Buu Arrives! (impeto)
A64: Kaioshin | B64: - | C64: =IF(INDEX(tier!$B$2:$B$20,MATCH(D64,tier!$A$2:$A$20,0))="","",INDEX(tier!$B$2:$B$20,MATCH(D64,tier!$A$2:$A$20,0))) | D64: B+ | E64: Majin Bu | F64: Kaioshin | G64: - | H64: - | I64: Kaioshin | J64: 4 | K64: 3 | L64: 3 | M64: - | N64: Energy's Last (onda) | O64: Crazy Rush (impeto) | P64: Gekiretsu Shin'ou'hou (onda) | Q64: Kibitoshin
A65: Kibitoshin | B65: - | C65: =IF(INDEX(tier!$B$2:$B$20,MATCH(D65,tier!$A$2:$A$20,0))="","",INDEX(tier!$B$2:$B$20,MATCH(D65,tier!$A$2:$A$20,0))) | D65: A | E65: Majin Bu | F65: Kaioshin | G65: - | H65: - | I65: Kaioshin | J65: 4 | K65: 3 | L65: 3 | M65: - | N65: Full Power Energy Wave (onda) | O65: Crazy Combination (impeto) | P65: Shin Gekiretsu Shin'ou'hou (onda)
A66: Uub | B66: - | C66: =IF(INDEX(tier!$B$2:$B$20,MATCH(D66,tier!$A$2:$A$20,0))="","",INDEX(tier!$B$2:$B$20,MATCH(D66,tier!$A$2:$A$20,0))) | D66: A | E66: Majin Bu | F66: Terrestre | G66: - | H66: - | I66: Uub | J66: 4 | K66: 3 | L66: 3 | M66: - | N66: Super Kamehameha (onda) | O66: Blazing Barrage Palm (impeto) | P66: Super Explosive Wave (onda) | Q66: Super Uub
A67: Super Uub | B67: - | C67: =IF(INDEX(tier!$B$2:$B$20,MATCH(D67,tier!$A$2:$A$20,0))="","",INDEX(tier!$B$2:$B$20,MATCH(D67,tier!$A$2:$A$20,0))) | D67: S- | E67: GT | F67: Terrestre | G67: - | H67: - | I67: Uub | J67: 4 | K67: 3 | L67: 3 | M67: - | N67: Super Energy Wave Volley (onda) | O67: Chocolate Beam (onda) | P67: Lightning Arrow (onda)
A68: Pan | B68: - | C68: =IF(INDEX(tier!$B$2:$B$20,MATCH(D68,tier!$A$2:$A$20,0))="","",INDEX(tier!$B$2:$B$20,MATCH(D68,tier!$A$2:$A$20,0))) | D68: B | E68: GT | F68: Ibrido Saiyan-terrestre | G68: - | H68: - | I68: Pan | J68: 3 | K68: 2 | L68: 4 | M68: - | N68: Kamehameha (onda) | O68: Gill Missile (impeto) | P68: Maiden's Rage! (impeto)
A69: Nail | B69: - | C69: =IF(INDEX(tier!$B$2:$B$20,MATCH(D69,tier!$A$2:$A$20,0))="","",INDEX(tier!$B$2:$B$20,MATCH(D69,tier!$A$2:$A$20,0))) | D69: B | E69: Freezer | F69: Namecciano | G69: - | H69: - | I69: Nail | J69: 4 | K69: 3 | L69: 3 | M69: - | N69: Full Power Energy Wave (onda) | O69: Super Explosive Wave (onda) | P69: Mystic Flasher (impeto)
A70: Bardock | B70: sì | C70: =IF(INDEX(tier!$B$2:$B$20,MATCH(D70,tier!$A$2:$A$20,0))="","",INDEX(tier!$B$2:$B$20,MATCH(D70,tier!$A$2:$A$20,0))) | D70: B- | E70: Film e speciali | F70: Saiyan | G70: - | H70: - | I70: Bardock | J70: 4 | K70: 3 | L70: 3 | M70: - | N70: Full Power Energy Wave (onda) | O70: Final Revenger (impeto) | P70: Final Spirit Cannon (onda) | Q70: Bardock Oozaru
A71: Bardock Oozaru | B71: - | C71: =IF(INDEX(tier!$B$2:$B$20,MATCH(D71,tier!$A$2:$A$20,0))="","",INDEX(tier!$B$2:$B$20,MATCH(D71,tier!$A$2:$A$20,0))) | D71: A- | E71: Film e speciali | F71: Saiyan | G71: - | H71: - | I71: Bardock | J71: 5 | K71: 5 | L71: 1 | M71: sì | N71: Chou Makouhou (onda) | O71: Super Explosive Wave (onda) | P71: Giga Meteor Storm (onda)
A72: Selypa | B72: sì | C72: =IF(INDEX(tier!$B$2:$B$20,MATCH(D72,tier!$A$2:$A$20,0))="","",INDEX(tier!$B$2:$B$20,MATCH(D72,tier!$A$2:$A$20,0))) | D72: C | E72: Film e speciali | F72: Saiyan | G72: - | H72: - | I72: Selypa | J72: 4 | K72: 3 | L72: 3 | M72: - | N72: Full Power Energy Wave (onda) | O72: Energy Ballet (onda) | P72: Hysteric Saiyan Lady (impeto) | Q72: Selypa Oozaru
A73: Selypa Oozaru | B73: - | C73: =IF(INDEX(tier!$B$2:$B$20,MATCH(D73,tier!$A$2:$A$20,0))="","",INDEX(tier!$B$2:$B$20,MATCH(D73,tier!$A$2:$A$20,0))) | D73: A- | E73: Film e speciali | F73: Saiyan | G73: - | H73: - | I73: Selypa | J73: 5 | K73: 5 | L73: 1 | M73: sì | N73: Chou Makouhou Barrage (impeto) | O73: Gigant Rock Throw (onda) | P73: Gigantic Saiyan Lady (impeto)
A74: Re Vegeta | B74: sì | C74: =IF(INDEX(tier!$B$2:$B$20,MATCH(D74,tier!$A$2:$A$20,0))="","",INDEX(tier!$B$2:$B$20,MATCH(D74,tier!$A$2:$A$20,0))) | D74: B- | E74: Saiyan | F74: Saiyan | G74: - | H74: - | I74: Re Vegeta | J74: 4 | K74: 3 | L74: 3 | M74: - | N74: Execution Beam (onda) | O74: Super Energy Wave Volley (onda) | P74: Orga Blaster (impeto) | Q74: Re Vegeta Oozaru
A75: Re Vegeta Oozaru | B75: - | C75: =IF(INDEX(tier!$B$2:$B$20,MATCH(D75,tier!$A$2:$A$20,0))="","",INDEX(tier!$B$2:$B$20,MATCH(D75,tier!$A$2:$A$20,0))) | D75: A- | E75: Saiyan | F75: Saiyan | G75: - | H75: - | I75: Re Vegeta | J75: 5 | K75: 5 | L75: 1 | M75: sì | N75: Super Galick Gun (onda) | O75: Super Explosive Wave (onda) | P75: Chou Makouhou Barrage (onda)
A76: Raditz | B76: sì | C76: =IF(INDEX(tier!$B$2:$B$20,MATCH(D76,tier!$A$2:$A$20,0))="","",INDEX(tier!$B$2:$B$20,MATCH(D76,tier!$A$2:$A$20,0))) | D76: C+ | E76: Saiyan | F76: Saiyan | G76: - | H76: sì | I76: Raditz | J76: 4 | K76: 3 | L76: 3 | M76: - | N76: Here's a present! (onda) | O76: I'm A Top-class Warrior! (impeto) | P76: Begone! (onda) | Q76: Raditz Oozaru
A77: Raditz Oozaru | B77: - | C77: =IF(INDEX(tier!$B$2:$B$20,MATCH(D77,tier!$A$2:$A$20,0))="","",INDEX(tier!$B$2:$B$20,MATCH(D77,tier!$A$2:$A$20,0))) | D77: A- | E77: Saiyan | F77: Saiyan | G77: - | H77: sì | I77: Raditz | J77: 5 | K77: 5 | L77: 1 | M77: sì | N77: Chou Makouhou (onda) | O77: Gigant Rock Throw (onda) | P77: Chou Makousen (onda)
A78: Nappa | B78: - | C78: =IF(INDEX(tier!$B$2:$B$20,MATCH(D78,tier!$A$2:$A$20,0))="","",INDEX(tier!$B$2:$B$20,MATCH(D78,tier!$A$2:$A$20,0))) | D78: A- | E78: Saiyan | F78: Saiyan | G78: - | H78: sì | I78: Nappa | J78: 4 | K78: 3 | L78: 3 | M78: - | N78: Volcano Explosion (onda) | O78: Blazing Storm (impeto) | P78: Kapa (onda) | Q78: Nappa Oozaru
A79: Nappa Oozaru | B79: - | C79: =IF(INDEX(tier!$B$2:$B$20,MATCH(D79,tier!$A$2:$A$20,0))="","",INDEX(tier!$B$2:$B$20,MATCH(D79,tier!$A$2:$A$20,0))) | D79: A- | E79: Saiyan | F79: Saiyan | G79: - | H79: sì | I79: Nappa | J79: 5 | K79: 5 | L79: 1 | M79: sì | N79: Gigant Rock Throw (onda) | O79: Super Explosive Wave (onda) | P79: Chou Makouhou (onda)
A80: Saibaiman | B80: - | C80: =IF(INDEX(tier!$B$2:$B$20,MATCH(D80,tier!$A$2:$A$20,0))="","",INDEX(tier!$B$2:$B$20,MATCH(D80,tier!$A$2:$A$20,0))) | D80: D | E80: Saiyan | F80: Saibaiman | G80: - | H80: sì | I80: Saibaiman | J80: 3 | K80: 3 | L80: 3 | M80: - | N80: Full Power Energy Wave (onda) | O80: High Speed Rush (impeto) | P80: Saibaman Bomb (impeto)
A81: Zarbon | B81: sì | C81: =IF(INDEX(tier!$B$2:$B$20,MATCH(D81,tier!$A$2:$A$20,0))="","",INDEX(tier!$B$2:$B$20,MATCH(D81,tier!$A$2:$A$20,0))) | D81: C+ | E81: Freezer | F81: Alieno | G81: - | H81: sì | I81: Zarbon | J81: 4 | K81: 3 | L81: 3 | M81: - | N81: Shooting Star Arrow (onda) | O81: Bloody Dance (impeto) | P81: Elegant Blaster (onda) | Q81: Zarbon (trasformato)
A82: Zarbon (trasformato) | B82: sì | C82: =IF(INDEX(tier!$B$2:$B$20,MATCH(D82,tier!$A$2:$A$20,0))="","",INDEX(tier!$B$2:$B$20,MATCH(D82,tier!$A$2:$A$20,0))) | D82: B- | E82: Freezer | F82: Alieno | G82: - | H82: sì | I82: Zarbon | J82: 4 | K82: 3 | L82: 3 | M82: - | N82: Elegant Blaster (onda) | O82: Wild Pressure (impeto) | P82: Monster Crush (impeto)
A83: Dodoria | B83: sì | C83: =IF(INDEX(tier!$B$2:$B$20,MATCH(D83,tier!$A$2:$A$20,0))="","",INDEX(tier!$B$2:$B$20,MATCH(D83,tier!$A$2:$A$20,0))) | D83: C+ | E83: Freezer | F83: Alieno | G83: - | H83: sì | I83: Dodoria | J83: 4 | K83: 3 | L83: 3 | M83: - | N83: Chou Makouhou (onda) | O83: Dodoria Head Breaker (impeto) | P83: Maximum Buster (onda)
A84: Kyui | B84: sì | C84: =IF(INDEX(tier!$B$2:$B$20,MATCH(D84,tier!$A$2:$A$20,0))="","",INDEX(tier!$B$2:$B$20,MATCH(D84,tier!$A$2:$A$20,0))) | D84: C | E84: Freezer | F84: Alieno | G84: - | H84: sì | I84: Kyui | J84: 4 | K84: 3 | L84: 3 | M84: - | N84: Full Power Energy Wave (onda) | O84: Full Power Energy Barrage Wave (impeto) | P84: Ah! Lord Frieza! (impeto)
A85: Appule | B85: - | C85: =IF(INDEX(tier!$B$2:$B$20,MATCH(D85,tier!$A$2:$A$20,0))="","",INDEX(tier!$B$2:$B$20,MATCH(D85,tier!$A$2:$A$20,0))) | D85: D | E85: Freezer | F85: Alieno | G85: - | H85: sì | I85: Appule | J85: 4 | K85: 3 | L85: 3 | M85: - | N85: Energy Wave (onda) | O85: High Speed Rush (impeto) | P85: Full Power Energy Ball (onda)
A86: Soldato di Freeza | B86: - | C86: =IF(INDEX(tier!$B$2:$B$20,MATCH(D86,tier!$A$2:$A$20,0))="","",INDEX(tier!$B$2:$B$20,MATCH(D86,tier!$A$2:$A$20,0))) | D86: D | E86: Freezer | F86: Alieno | G86: - | H86: sì | I86: Soldato di Freeza | J86: 4 | K86: 3 | L86: 3 | M86: - | N86: Energy Wave (onda) | O86: Energy Wave (onda) | P86: Life-Risking Blow! (impeto)
A87: Ginyu | B87: - | C87: =IF(INDEX(tier!$B$2:$B$20,MATCH(D87,tier!$A$2:$A$20,0))="","",INDEX(tier!$B$2:$B$20,MATCH(D87,tier!$A$2:$A$20,0))) | D87: B+ | E87: Freezer | F87: Alieno | G87: - | H87: sì | I87: Ginyu | J87: 4 | K87: 3 | L87: 3 | M87: - | N87: Full Power Energy Wave (onda) | O87: Galaxy Dynamite (onda) | P87: Body Change (impeto, giganti)
A88: Recoome | B88: - | C88: =IF(INDEX(tier!$B$2:$B$20,MATCH(D88,tier!$A$2:$A$20,0))="","",INDEX(tier!$B$2:$B$20,MATCH(D88,tier!$A$2:$A$20,0))) | D88: B | E88: Freezer | F88: Alieno | G88: - | H88: sì | I88: Recoome | J88: 4 | K88: 4 | L88: 2 | M88: - | N88: Recoome Eraser Gun (onda) | O88: Recoome Renegade Bomber (onda) | P88: Recoome Fighting Bomber (onda)
A89: Butter | B89: - | C89: =IF(INDEX(tier!$B$2:$B$20,MATCH(D89,tier!$A$2:$A$20,0))="","",INDEX(tier!$B$2:$B$20,MATCH(D89,tier!$A$2:$A$20,0))) | D89: A+ | E89: Freezer | F89: Alieno | G89: - | H89: sì | I89: Butter | J89: 4 | K89: 1 | L89: 5 | M89: - | N89: Space Mach Attack (impeto) | O89: Full Power Energy Ball (onda) | P89: Purple Comet Attack (impeto)
A90: Jeeth | B90: - | C90: =IF(INDEX(tier!$B$2:$B$20,MATCH(D90,tier!$A$2:$A$20,0))="","",INDEX(tier!$B$2:$B$20,MATCH(D90,tier!$A$2:$A$20,0))) | D90: A- | E90: Freezer | F90: Alieno | G90: - | H90: sì | I90: Jeeth | J90: 4 | K90: 3 | L90: 3 | M90: - | N90: Full Power Energy Wave (onda) | O90: Crusher Ball (onda) | P90: Purple Comet Attack (impeto)
A91: Guldo | B91: sì | C91: =IF(INDEX(tier!$B$2:$B$20,MATCH(D91,tier!$A$2:$A$20,0))="","",INDEX(tier!$B$2:$B$20,MATCH(D91,tier!$A$2:$A$20,0))) | D91: C | E91: Freezer | F91: Alieno | G91: - | H91: sì | I91: Guldo | J91: 3 | K91: 2 | L91: 4 | M91: - | N91: Psychic Rock Throw (impeto) | O91: Full Power Energy Blast Volley (onda) | P91: Guldo Special (impeto)
A92: Freeza (prima forma) | B92: - | C92: =IF(INDEX(tier!$B$2:$B$20,MATCH(D92,tier!$A$2:$A$20,0))="","",INDEX(tier!$B$2:$B$20,MATCH(D92,tier!$A$2:$A$20,0))) | D92: B | E92: Freezer | F92: Razza di Freezer | G92: - | H92: sì | I92: Freeza (prima forma) | J92: 4 | K92: 3 | L92: 3 | M92: - | N92: Death Beam (onda) | O92: Punishing Rush (impeto) | P92: Death Ball (onda) | Q92: Freeza (seconda forma)
A93: Freeza (seconda forma) | B93: - | C93: =IF(INDEX(tier!$B$2:$B$20,MATCH(D93,tier!$A$2:$A$20,0))="","",INDEX(tier!$B$2:$B$20,MATCH(D93,tier!$A$2:$A$20,0))) | D93: B+ | E93: Freezer | F93: Razza di Freezer | G93: - | H93: sì | I93: Freeza (prima forma) | J93: 4 | K93: 3 | L93: 3 | M93: - | N93: Punishing Blaster (onda) | O93: Death Storm (onda) | P93: HAIL Frieza (impeto) | Q93: Freeza (terza forma)
A94: Freeza (terza forma) | B94: - | C94: =IF(INDEX(tier!$B$2:$B$20,MATCH(D94,tier!$A$2:$A$20,0))="","",INDEX(tier!$B$2:$B$20,MATCH(D94,tier!$A$2:$A$20,0))) | D94: B+ | E94: Freezer | F94: Razza di Freezer | G94: - | H94: sì | I94: Freeza (prima forma) | J94: 4 | K94: 3 | L94: 3 | M94: - | N94: Death Beam (onda) | O94: High Speed Rush (impeto) | P94: Crazy Finger Beam (onda) | Q94: Freeza (forma finale)
A95: Freeza (forma finale) | B95: - | C95: =IF(INDEX(tier!$B$2:$B$20,MATCH(D95,tier!$A$2:$A$20,0))="","",INDEX(tier!$B$2:$B$20,MATCH(D95,tier!$A$2:$A$20,0))) | D95: S+ | E95: Freezer | F95: Razza di Freezer | G95: - | H95: sì | I95: Freeza (prima forma) | J95: 4 | K95: 3 | L95: 3 | M95: - | N95: Barrage Death Beam (onda) | O95: I Might Die This Time. (onda) | P95: Destroy The Planet! (onda) | Q95: Freeza (massima potenza)
A96: Freeza (massima potenza) | B96: - | C96: =IF(INDEX(tier!$B$2:$B$20,MATCH(D96,tier!$A$2:$A$20,0))="","",INDEX(tier!$B$2:$B$20,MATCH(D96,tier!$A$2:$A$20,0))) | D96: S+ | E96: Freezer | F96: Razza di Freezer | G96: - | H96: sì | I96: Freeza (prima forma) | J96: 4 | K96: 3 | L96: 3 | M96: - | N96: Death Saucer (onda) | O96: Nova Strike (impeto) | P96: You Will Die By My Hand! (onda)
A97: Mecha Freeza | B97: - | C97: =IF(INDEX(tier!$B$2:$B$20,MATCH(D97,tier!$A$2:$A$20,0))="","",INDEX(tier!$B$2:$B$20,MATCH(D97,tier!$A$2:$A$20,0))) | D97: A | E97: Cell | F97: Cyborg | G97: - | H97: sì | I97: Mecha Freeza | J97: 4 | K97: 3 | L97: 3 | M97: - | N97: Death Beam (onda) | O97: Fissure Slash (onda) | P97: Supernova (onda)
A98: Re Cold | B98: - | C98: =IF(INDEX(tier!$B$2:$B$20,MATCH(D98,tier!$A$2:$A$20,0))="","",INDEX(tier!$B$2:$B$20,MATCH(D98,tier!$A$2:$A$20,0))) | D98: A | E98: Cell | F98: Razza di Freezer | G98: - | H98: sì | I98: Re Cold | J98: 4 | K98: 3 | L98: 3 | M98: - | N98: Full Power Death Beam (onda) | O98: Super Explosive Wave (onda) | P98: Cold Family Power (impeto)
A99: C-16 | B99: - | C99: =IF(INDEX(tier!$B$2:$B$20,MATCH(D99,tier!$A$2:$A$20,0))="","",INDEX(tier!$B$2:$B$20,MATCH(D99,tier!$A$2:$A$20,0))) | D99: A | E99: Cell | F99: Androide | G99: - | H99: - | I99: C-16 | J99: 4 | K99: 3 | L99: 3 | M99: - | N99: Hell's Impact (impeto) | O99: Hell's Flash (impeto) | P99: Self Destruct Device (impeto)
A100: C-17 | B100: - | C100: =IF(INDEX(tier!$B$2:$B$20,MATCH(D100,tier!$A$2:$A$20,0))="","",INDEX(tier!$B$2:$B$20,MATCH(D100,tier!$A$2:$A$20,0))) | D100: A | E100: Cell | F100: Androide | G100: - | H100: sì | I100: C-17 | J100: 4 | K100: 3 | L100: 3 | M100: - | N100: Full Power Energy Ball (onda) | O100: Photon Flash (onda) | P100: Sadistic Dance (impeto)
...

Sheet tier
A1: tier | B1: prezzo | C1: in negozio
A2: SS+ | B2: 6000 | C2: sì
A3: SS | B3: 5500 | C3: sì
A4: SS- | B4: 5000 | C4: sì
A5: S+ | B5: 4200 | C5: sì
A6: S | B6: 3800 | C6: sì
A7: S- | B7: 3400 | C7: sì
A8: A+ | B8: 2800 | C8: sì
A9: A | B9: 2500 | C9: sì
A10: A- | B10: 2200 | C10: sì
A11: B+ | B11: 1900 | C11: sì
A12: B | B12: 1700 | C12: sì
A13: B- | B13: 1500 | C13: sì
A14: C+ | C14: no
A15: C | C15: no
A16: C- | C16: no
A17: D+ | C17: no
A18: D | C18: no
A19: D- | C19: no
A20: E | C20: no
A22: Prezzi indicativi (in blu): cambiali qui e il foglio 'personaggi' si aggiorna. I tier C, D, E non si vendono in negozio, quindi restano senza prezzo.

Sheet leggimi
A1: Catalogo personaggi · Budokai Tenkaichi 3
A2: Foglio 'personaggi': una riga per personaggio, 166 voci (ogni forma è una voce a sé, spec 002): 161 dal roster più 5 personaggi della storia non arruolabili (Kami, Karin, Bulma, Baba la Veggente, Chichi adulta).
A3: tier: da SS+ a D-, più E per Mr. Satan (proposta, modificabile). Senza tier = non arruolabile: personaggio della storia, per task o come negoziante (D-034). prezzo: calcolato dal tier tramite il foglio 'tier'; vuoto per i tier C, D, E, che non si vendono in negozio, e per chi non ha tier.
A4: possibile starter: sì per i tier da C a B-, - per tutti gli altri. Modificabile a mano.
A5: negoziante: sì per chi può fare il negoziante (Muten Roshi, Son Gohan (nonno), Kami, Karin, Bulma, Baba la Veggente), - per tutti gli altri. «Randomizza» sceglie i negozianti solo tra questi (spec 022).
A6: saga: valori usati → Dragon Ball, Saiyan, Freezer, Cell, Majin Bu, Film e speciali, GT, Extra.
A7: razza: Saiyan, Ibrido Saiyan-terrestre, Terrestre, Namecciano, Razza di Freezer, Androide, Bio-androide, Majin, Demone, Alieno e altre. Le trasformazioni hanno la razza del personaggio base.
A8: Esempio di riga: Krilin | sì | | C | Saiyan | Terrestre | -
A9: Per l'app: Salva con nome → CSV UTF-8, con il foglio 'personaggi' attivo.
A10: Fonte dell'elenco: roster di Budokai Tenkaichi 3, ricontrollato voce per voce su due elenchi completi (GameFAQs) e sulla Dragon Ball Wiki.
A11: cattivo (spec 027): «sì» per i cattivi. Chi non ha missioni sue nel catalogo delle missioni prende quelle del suo gruppo: cattivi, arruolabili o personaggi della storia.
A12: Colonna 'persona' (spec 039, D-064, cambia D-048): una persona è uno stesso personaggio con le sue trasformazioni, e il valore è il nome della sua prima forma (es. «Son Goku (metà)» per Goku (metà) e Goku (metà) SSJ; Goku (inizio), (metà) e (fine) sono tre persone). In una partita una persona sta in un solo posto. L'app la usa anche per non dare missioni «Vai da», «Batti» e «Porta» verso un'altra forma di chi le dà, e per non proporre due forme della stessa persona come starter a caso.
A13: Colonne della scheda di combattimento (spec 037, D-059), tutte facoltative: vuote valgono come la scheda normale. barre: da 3 a 5 (normale 4). potenza e velocità: da 1 a 5, potenza + velocità = 6 (normale 3 e 3). gigante: «sì» se gli impeti non lo colpiscono. mossa 1, mossa 2, mossa finale: nome e tipo, es. «Kamehameha (onda)», «Meteor Smash (impeto)»; «(impeto, giganti)» per un impeto che colpisce anche i giganti, come Penetrate!. Le mosse sono quelle di BT3 (due Blast 2 e la Ultimate), con i nomi inglesi del gioco: l'energia è un'onda, il fisico un impeto (D-057). si trasforma in: il nome della forma successiva, un personaggio di questa lista con un tier.
